,0
avg_temperature_2m_24h,"[ 9.71527778 11.60648148 12.93055556 13.53935185 16.71527778 19.50462963
 21.0462963  22.42361111 16.75694444 12.22222222  9.03935185  4.23842593
  5.01851852  7.69212963 13.50925926]"
avg_relative_humidity_2m_24h,"[61.33333333 79.66666667 80.29166667 54.75       47.33333333 46.83333333
 43.29166667 46.875      64.         57.66666667 58.70833333 57.79166667
 68.45833333 58.875      61.04166667]"
avg_dew_point_2m_24h,"[ 2.00694444  8.03240741  9.55324074  3.59490741  4.67361111  6.87268519
  7.1087963   9.04166667  9.83796296  3.6875      1.21990741 -3.65972222
 -0.46759259 -0.85185185  5.74537037]"
avg_apparent_temperature_24h,"[ 6.72453704 10.39351852 11.71759259 10.43055556 13.98611111 17.59722222
 19.43981481 21.1412037  14.99537037  9.8125      5.55787037  0.15740741
  1.34259259  4.75231481 11.12268519]"
avg_temperature_80m_24h,"[ 8.86111111 11.33333333 12.11111111 12.32175926 16.24537037 19.75925926
 21.07407407 23.46527778 16.59953704 10.86805556  7.69212963  2.74537037
  4.12731481  6.83101852 13.0162037 ]"
avg_temperature_120m_24h,"[ 8.32407407 10.96990741 11.80092593 11.73611111 15.93055556 19.68055556
 20.8287037  23.24768519 16.34722222 10.21527778  7.15509259  2.03703704
  3.51851852  6.37731481 12.625     ]"
avg_wind_speed_10m_24h,"[2.46934167 1.471325   2.12239167 3.41595833 2.89125    2.383675
 2.13738333 2.2102     3.33243333 2.20591667 2.99833333 2.987625
 2.8527     1.65765    2.72848333]"
avg_wind_speed_80m_24h,"[5.210675   3.03045833 4.31545833 6.714125   6.21725833 5.33489167
 4.69025    5.09074167 7.06321667 4.17410833 5.83818333 5.67541667
 5.96454167 3.270325   5.93241667]"
avg_visibility_24h,"[21857.5005191 24140.0005896 20966.666982  23305.0004816 24140.0005896
 24140.0005896 24140.0005896 23898.3339152 23205.0004911 24140.0005896
 22950.0004931 22715.833918  13253.3336406 24140.0005896 22335.0004023]"
avg_soil_temperature_0cm_24h,"[10.38888889 12.38888889 13.24305556 14.71990741 16.67592593 19.39351852
 21.48148148 22.25462963 16.80787037 14.55092593 10.47453704  6.19444444
  5.83796296  8.85648148 13.88657407]"
avg_soil_temperature_6cm_24h,"[10.56481481 11.29166667 12.69675926 13.75462963 15.46296296 17.95138889
 19.92592593 20.43518519 17.44444444 14.38657407 11.18981481  6.97453704
  5.98611111  7.93981481 12.19212963]"
total_evapotranspiration_24h,"[1.4224 1.2954 0.9652 1.3462 1.4732 1.6764 1.778  1.8288 1.0668 1.2446
 1.7018 2.0574 1.8034 1.905  1.651 ]"
total_rain_24h,"[ 8.2042  1.1938 11.3792  0.889   0.      0.      0.      0.      0.2032
  0.1016  0.      0.      4.3434  0.      0.    ]"
total_showers_24h,"[1.2192 2.032  0.7112 0.     0.     0.     0.     0.     0.9144 0.
 0.3048 0.1016 0.     0.     0.3048]"
total_snowfall_24h,[0. 0. 0. 0. 0. 0. 0. 0. 0. 0. 0. 0. 0. 0. 0.]
avg_temperature_2m_daylight,"[ 9.52083333 12.98263889 13.36805556 14.34027778 18.57638889 21.42013889
 22.625      24.73263889 16.57291667 13.00694444  9.55555556  4.72222222
  5.45138889  8.81372549 14.73202614]"
avg_relative_humidity_2m_daylight,"[67.25       75.25       77.4375     46.5        42.4375     40.6875
 38.4375     40.         63.0625     52.8125     55.375      53.5625
 71.8125     52.76470588 57.11764706]"
avg_dew_point_2m_daylight,"[ 3.45138889  8.54166667  9.44444444  2.17361111  4.70833333  6.55208333
  6.65972222  8.69097222  9.44097222  3.16319444  0.89236111 -4.25694444
  0.60069444 -1.37581699  5.92810458]"
avg_apparent_temperature_daylight,"[ 6.59027778 11.83333333 12.11805556 10.78125    15.5625     19.23958333
 20.84375    23.13194444 14.30555556 10.59027778  5.76041667  0.51388889
  1.70486111  5.72875817 12.12091503]"
avg_temperature_80m_daylight,"[ 8.28125    12.08680556 12.27430556 12.59375    17.32638889 20.40277778
 21.37847222 24.3125     15.50694444 11.17708333  7.69791667  2.76736111
  4.125       7.31372549 13.53594771]"
avg_temperature_120m_daylight,"[ 7.63194444 11.58333333 11.70833333 11.875      16.72569444 19.99305556
 20.84375    23.95486111 15.03472222 10.48611111  7.00694444  2.02777778
  3.43055556  6.73202614 12.95424837]"
avg_wind_speed_10m_daylight,"[2.78845    1.6415875  2.1363125  3.822875   3.5112625  2.9008875
 2.512175   2.743475   4.0573875  2.2326875  3.5209     3.1900125
 3.270325   1.91691765 3.26541176]"
avg_wind_speed_80m_daylight,"[5.30705    2.961925   3.855      6.8651125  6.7494625  5.5287125
 4.4557375  5.5512     8.2336375  3.6654625  6.2997125  5.7471625
 6.2804375  3.22005882 6.41290588]"
avg_visibility_daylight,"[20716.25048385 24140.0005896  20358.7504305  24140.0005896
 24140.0005896  24140.0005896  24140.0005896  24140.0005896
 22737.50044185 24140.0005896  22355.00044485 22003.7505822
  7857.50016    24140.0005896  21591.76503106]"
avg_soil_temperature_0cm_daylight,"[10.81944444 14.39930556 14.11805556 16.57291667 19.21180556 22.40277778
 24.40972222 25.45486111 17.32986111 16.75694444 11.72916667  7.42013889
  6.68402778 10.86601307 15.95098039]"
avg_soil_temperature_6cm_daylight,"[10.46180556 12.29166667 13.11458333 14.66666667 16.77430556 19.37152778
 21.21527778 21.58680556 17.24305556 15.15277778 11.68402778  7.35069444
  6.36111111  8.83986928 13.12745098]"
total_evapotranspiration_daylight,"[1.27   1.27   0.9144 1.2192 1.4224 1.6002 1.651  1.7526 0.9652 1.0922
 1.4732 1.8796 1.5748 1.8542 1.5748]"
total_rain_daylight,"[8.2042 1.1938 9.3472 0.     0.     0.     0.     0.     0.2032 0.1016
 0.     0.     4.3434 0.     0.    ]"
total_showers_daylight,"[1.2192 2.032  0.7112 0.     0.     0.     0.     0.     0.7112 0.
 0.3048 0.1016 0.     0.     0.3048]"
total_snowfall_daylight,[0. 0. 0. 0. 0. 0. 0. 0. 0. 0. 0. 0. 0. 0. 0.]
time_iso,"['2025-05-15 17:00:00' '2025-05-15 18:00:00' '2025-05-15 19:00:00'
 '2025-05-15 20:00:00' '2025-05-15 21:00:00' '2025-05-15 22:00:00'
 '2025-05-15 23:00:00' '2025-05-16 00:00:00' '2025-05-16 01:00:00'
 '2025-05-16 02:00:00' '2025-05-16 03:00:00' '2025-05-16 04:00:00'
 '2025-05-16 05:00:00' '2025-05-16 06:00:00' '2025-05-16 07:00:00'
 '2025-05-16 08:00:00' '2025-05-16 09:00:00' '2025-05-16 10:00:00'
 '2025-05-16 11:00:00' '2025-05-16 12:00:00' '2025-05-16 13:00:00'
 '2025-05-16 14:00:00' '2025-05-16 15:00:00' '2025-05-16 16:00:00'
 '2025-05-16 17:00:00' '2025-05-16 18:00:00' '2025-05-16 19:00:00'
 '2025-05-16 20:00:00' '2025-05-16 21:00:00' '2025-05-16 22:00:00'
 '2025-05-16 23:00:00' '2025-05-17 00:00:00' '2025-05-17 01:00:00'
 '2025-05-17 02:00:00' '2025-05-17 03:00:00' '2025-05-17 04:00:00'
 '2025-05-17 05:00:00' '2025-05-17 06:00:00' '2025-05-17 07:00:00'
 '2025-05-17 08:00:00' '2025-05-17 09:00:00' '2025-05-17 10:00:00'
 '2025-05-17 11:00:00' '2025-05-17 12:00:00' '2025-05-17 13:00:00'
 '2025-05-17 14:00:00' '2025-05-17 15:00:00' '2025-05-17 16:00:00'
 '2025-05-17 17:00:00' '2025-05-17 18:00:00' '2025-05-17 19:00:00'
 '2025-05-17 20:00:00' '2025-05-17 21:00:00' '2025-05-17 22:00:00'
 '2025-05-17 23:00:00' '2025-05-18 00:00:00' '2025-05-18 01:00:00'
 '2025-05-18 02:00:00' '2025-05-18 03:00:00' '2025-05-18 04:00:00'
 '2025-05-18 05:00:00' '2025-05-18 06:00:00' '2025-05-18 07:00:00'
 '2025-05-18 08:00:00' '2025-05-18 09:00:00' '2025-05-18 10:00:00'
 '2025-05-18 11:00:00' '2025-05-18 12:00:00' '2025-05-18 13:00:00'
 '2025-05-18 14:00:00' '2025-05-18 15:00:00' '2025-05-18 16:00:00'
 '2025-05-18 17:00:00' '2025-05-18 18:00:00' '2025-05-18 19:00:00'
 '2025-05-18 20:00:00' '2025-05-18 21:00:00' '2025-05-18 22:00:00'
 '2025-05-18 23:00:00' '2025-05-19 00:00:00' '2025-05-19 01:00:00'
 '2025-05-19 02:00:00' '2025-05-19 03:00:00' '2025-05-19 04:00:00'
 '2025-05-19 05:00:00' '2025-05-19 06:00:00' '2025-05-19 07:00:00'
 '2025-05-19 08:00:00' '2025-05-19 09:00:00' '2025-05-19 10:00:00'
 '2025-05-19 11:00:00' '2025-05-19 12:00:00' '2025-05-19 13:00:00'
 '2025-05-19 14:00:00' '2025-05-19 15:00:00' '2025-05-19 16:00:00'
 '2025-05-19 17:00:00' '2025-05-19 18:00:00' '2025-05-19 19:00:00'
 '2025-05-19 20:00:00' '2025-05-19 21:00:00' '2025-05-19 22:00:00'
 '2025-05-19 23:00:00' '2025-05-20 00:00:00' '2025-05-20 01:00:00'
 '2025-05-20 02:00:00' '2025-05-20 03:00:00' '2025-05-20 04:00:00'
 '2025-05-20 05:00:00' '2025-05-20 06:00:00' '2025-05-20 07:00:00'
 '2025-05-20 08:00:00' '2025-05-20 09:00:00' '2025-05-20 10:00:00'
 '2025-05-20 11:00:00' '2025-05-20 12:00:00' '2025-05-20 13:00:00'
 '2025-05-20 14:00:00' '2025-05-20 15:00:00' '2025-05-20 16:00:00'
 '2025-05-20 17:00:00' '2025-05-20 18:00:00' '2025-05-20 19:00:00'
 '2025-05-20 20:00:00' '2025-05-20 21:00:00' '2025-05-20 22:00:00'
 '2025-05-20 23:00:00' '2025-05-21 00:00:00' '2025-05-21 01:00:00'
 '2025-05-21 02:00:00' '2025-05-21 03:00:00' '2025-05-21 04:00:00'
 '2025-05-21 05:00:00' '2025-05-21 06:00:00' '2025-05-21 07:00:00'
 '2025-05-21 08:00:00' '2025-05-21 09:00:00' '2025-05-21 10:00:00'
 '2025-05-21 11:00:00' '2025-05-21 12:00:00' '2025-05-21 13:00:00'
 '2025-05-21 14:00:00' '2025-05-21 15:00:00' '2025-05-21 16:00:00'
 '2025-05-21 17:00:00' '2025-05-21 18:00:00' '2025-05-21 19:00:00'
 '2025-05-21 20:00:00' '2025-05-21 21:00:00' '2025-05-21 22:00:00'
 '2025-05-21 23:00:00' '2025-05-22 00:00:00' '2025-05-22 01:00:00'
 '2025-05-22 02:00:00' '2025-05-22 03:00:00' '2025-05-22 04:00:00'
 '2025-05-22 05:00:00' '2025-05-22 06:00:00' '2025-05-22 07:00:00'
 '2025-05-22 08:00:00' '2025-05-22 09:00:00' '2025-05-22 10:00:00'
 '2025-05-22 11:00:00' '2025-05-22 12:00:00' '2025-05-22 13:00:00'
 '2025-05-22 14:00:00' '2025-05-22 15:00:00' '2025-05-22 16:00:00'
 '2025-05-22 17:00:00' '2025-05-22 18:00:00' '2025-05-22 19:00:00'
 '2025-05-22 20:00:00' '2025-05-22 21:00:00' '2025-05-22 22:00:00'
 '2025-05-22 23:00:00' '2025-05-23 00:00:00' '2025-05-23 01:00:00'
 '2025-05-23 02:00:00' '2025-05-23 03:00:00' '2025-05-23 04:00:00'
 '2025-05-23 05:00:00' '2025-05-23 06:00:00' '2025-05-23 07:00:00'
 '2025-05-23 08:00:00' '2025-05-23 09:00:00' '2025-05-23 10:00:00'
 '2025-05-23 11:00:00' '2025-05-23 12:00:00' '2025-05-23 13:00:00'
 '2025-05-23 14:00:00' '2025-05-23 15:00:00' '2025-05-23 16:00:00'
 '2025-05-23 17:00:00' '2025-05-23 18:00:00' '2025-05-23 19:00:00'
 '2025-05-23 20:00:00' '2025-05-23 21:00:00' '2025-05-23 22:00:00'
 '2025-05-23 23:00:00' '2025-05-24 00:00:00' '2025-05-24 01:00:00'
 '2025-05-24 02:00:00' '2025-05-24 03:00:00' '2025-05-24 04:00:00'
 '2025-05-24 05:00:00' '2025-05-24 06:00:00' '2025-05-24 07:00:00'
 '2025-05-24 08:00:00' '2025-05-24 09:00:00' '2025-05-24 10:00:00'
 '2025-05-24 11:00:00' '2025-05-24 12:00:00' '2025-05-24 13:00:00'
 '2025-05-24 14:00:00' '2025-05-24 15:00:00' '2025-05-24 16:00:00'
 '2025-05-24 17:00:00' '2025-05-24 18:00:00' '2025-05-24 19:00:00'
 '2025-05-24 20:00:00' '2025-05-24 21:00:00' '2025-05-24 22:00:00'
 '2025-05-24 23:00:00' '2025-05-25 00:00:00' '2025-05-25 01:00:00'
 '2025-05-25 02:00:00' '2025-05-25 03:00:00' '2025-05-25 04:00:00'
 '2025-05-25 05:00:00' '2025-05-25 06:00:00' '2025-05-25 07:00:00'
 '2025-05-25 08:00:00' '2025-05-25 09:00:00' '2025-05-25 10:00:00'
 '2025-05-25 11:00:00' '2025-05-25 12:00:00' '2025-05-25 13:00:00'
 '2025-05-25 14:00:00' '2025-05-25 15:00:00' '2025-05-25 16:00:00'
 '2025-05-25 17:00:00' '2025-05-25 18:00:00' '2025-05-25 19:00:00'
 '2025-05-25 20:00:00' '2025-05-25 21:00:00' '2025-05-25 22:00:00'
 '2025-05-25 23:00:00' '2025-05-26 00:00:00' '2025-05-26 01:00:00'
 '2025-05-26 02:00:00' '2025-05-26 03:00:00' '2025-05-26 04:00:00'
 '2025-05-26 05:00:00' '2025-05-26 06:00:00' '2025-05-26 07:00:00'
 '2025-05-26 08:00:00' '2025-05-26 09:00:00' '2025-05-26 10:00:00'
 '2025-05-26 11:00:00' '2025-05-26 12:00:00' '2025-05-26 13:00:00'
 '2025-05-26 14:00:00' '2025-05-26 15:00:00' '2025-05-26 16:00:00'
 '2025-05-26 17:00:00' '2025-05-26 18:00:00' '2025-05-26 19:00:00'
 '2025-05-26 20:00:00' '2025-05-26 21:00:00' '2025-05-26 22:00:00'
 '2025-05-26 23:00:00' '2025-05-27 00:00:00' '2025-05-27 01:00:00'
 '2025-05-27 02:00:00' '2025-05-27 03:00:00' '2025-05-27 04:00:00'
 '2025-05-27 05:00:00' '2025-05-27 06:00:00' '2025-05-27 07:00:00'
 '2025-05-27 08:00:00' '2025-05-27 09:00:00' '2025-05-27 10:00:00'
 '2025-05-27 11:00:00' '2025-05-27 12:00:00' '2025-05-27 13:00:00'
 '2025-05-27 14:00:00' '2025-05-27 15:00:00' '2025-05-27 16:00:00'
 '2025-05-27 17:00:00' '2025-05-27 18:00:00' '2025-05-27 19:00:00'
 '2025-05-27 20:00:00' '2025-05-27 21:00:00' '2025-05-27 22:00:00'
 '2025-05-27 23:00:00' '2025-05-28 00:00:00' '2025-05-28 01:00:00'
 '2025-05-28 02:00:00' '2025-05-28 03:00:00' '2025-05-28 04:00:00'
 '2025-05-28 05:00:00' '2025-05-28 06:00:00' '2025-05-28 07:00:00'
 '2025-05-28 08:00:00' '2025-05-28 09:00:00' '2025-05-28 10:00:00'
 '2025-05-28 11:00:00' '2025-05-28 12:00:00' '2025-05-28 13:00:00'
 '2025-05-28 14:00:00' '2025-05-28 15:00:00' '2025-05-28 16:00:00'
 '2025-05-28 17:00:00' '2025-05-28 18:00:00' '2025-05-28 19:00:00'
 '2025-05-28 20:00:00' '2025-05-28 21:00:00' '2025-05-28 22:00:00'
 '2025-05-28 23:00:00' '2025-05-29 00:00:00' '2025-05-29 01:00:00'
 '2025-05-29 02:00:00' '2025-05-29 03:00:00' '2025-05-29 04:00:00'
 '2025-05-29 05:00:00' '2025-05-29 06:00:00' '2025-05-29 07:00:00'
 '2025-05-29 08:00:00' '2025-05-29 09:00:00' '2025-05-29 10:00:00'
 '2025-05-29 11:00:00' '2025-05-29 12:00:00' '2025-05-29 13:00:00'
 '2025-05-29 14:00:00' '2025-05-29 15:00:00' '2025-05-29 16:00:00'
 '2025-05-29 17:00:00' '2025-05-29 18:00:00' '2025-05-29 19:00:00'
 '2025-05-29 20:00:00' '2025-05-29 21:00:00' '2025-05-29 22:00:00'
 '2025-05-29 23:00:00' '2025-05-30 00:00:00' '2025-05-30 01:00:00'
 '2025-05-30 02:00:00' '2025-05-30 03:00:00' '2025-05-30 04:00:00'
 '2025-05-30 05:00:00' '2025-05-30 06:00:00' '2025-05-30 07:00:00'
 '2025-05-30 08:00:00' '2025-05-30 09:00:00' '2025-05-30 10:00:00'
 '2025-05-30 11:00:00' '2025-05-30 12:00:00' '2025-05-30 13:00:00'
 '2025-05-30 14:00:00' '2025-05-30 15:00:00' '2025-05-30 16:00:00']"
temperature_2m_celsius,"[11.72222222 10.77777778 10.38888889  9.77777778  9.61111111  9.33333333
  9.16666667  9.38888889 10.          9.72222222  8.72222222  8.88888889
  8.27777778  6.77777778  7.27777778  8.16666667  9.27777778 10.55555556
 11.44444444 11.94444444 11.72222222 11.          9.94444444  9.27777778
  8.55555556  7.61111111  7.44444444  7.11111111  6.88888889  6.16666667
  5.88888889  6.11111111  8.33333333 10.33333333 12.11111111 14.05555556
 15.77777778 16.         14.94444444 14.55555556 14.61111111 14.66666667
 15.27777778 15.77777778 14.94444444 14.33333333 13.77777778 13.27777778
 12.88888889 12.55555556 12.11111111 11.94444444 11.44444444 11.22222222
 11.05555556 11.         11.77777778 13.33333333 14.83333333 14.94444444
 14.38888889 14.11111111 13.77777778 13.5        13.83333333 14.16666667
 14.11111111 13.44444444 13.05555556 12.55555556 12.16666667 12.11111111
 12.22222222 11.77777778 11.83333333 11.27777778 10.77777778 10.22222222
  9.72222222  9.88888889 10.27777778 11.22222222 12.27777778 13.44444444
 14.72222222 15.38888889 15.94444444 16.33333333 16.61111111 16.83333333
 16.66666667 17.55555556 16.77777778 15.77777778 14.27777778 13.11111111
 12.05555556 11.27777778 11.05555556 11.05555556 11.33333333 11.5
 11.61111111 12.38888889 13.05555556 13.94444444 14.94444444 16.33333333
 18.05555556 19.66666667 21.22222222 21.94444444 22.44444444 22.77777778
 22.88888889 23.27777778 22.16666667 20.5        18.5        17.16666667
 16.22222222 14.83333333 14.11111111 13.44444444 12.66666667 12.
 11.83333333 12.83333333 14.83333333 16.72222222 18.38888889 19.88888889
 21.44444444 24.05555556 24.88888889 25.5        25.94444444 26.05555556
 25.94444444 26.05555556 25.         23.33333333 21.77777778 20.33333333
 19.55555556 17.66666667 16.77777778 16.16666667 15.5        14.88888889
 14.66666667 14.94444444 16.72222222 18.38888889 20.33333333 22.22222222
 23.77777778 24.61111111 25.72222222 26.27777778 26.27777778 26.
 25.66666667 26.61111111 25.66666667 24.11111111 22.05555556 20.5
 19.72222222 15.44444444 15.22222222 15.11111111 14.72222222 14.05555556
 13.77777778 13.55555556 17.11111111 19.66666667 21.22222222 22.22222222
 24.77777778 28.11111111 29.27777778 30.11111111 30.61111111 30.66666667
 30.16666667 29.05555556 28.55555556 26.83333333 24.88888889 23.27777778
 21.22222222 19.44444444 18.05555556 17.61111111 16.88888889 16.61111111
 17.27777778 17.         18.27777778 18.5        18.22222222 17.44444444
 16.83333333 16.38888889 17.55555556 15.72222222 15.66666667 15.22222222
 15.16666667 15.77777778 15.33333333 14.77777778 13.88888889 13.27777778
 12.66666667 11.22222222 10.5         9.77777778  8.83333333  7.94444444
  7.61111111  7.55555556  8.77777778  9.77777778 10.88888889 12.
 13.05555556 14.27777778 15.27777778 16.05555556 16.38888889 16.27777778
 16.22222222 15.33333333 14.72222222 13.88888889 12.88888889 11.38888889
 10.27777778  9.22222222  9.          8.72222222  8.38888889  8.11111111
  7.77777778  7.94444444  8.77777778 10.44444444 11.88888889 11.94444444
 12.55555556 11.27777778 10.          9.61111111  9.88888889  9.55555556
  9.27777778  8.11111111  7.22222222  6.61111111  5.33333333  5.
  4.66666667  3.5         3.27777778  2.88888889  2.05555556  1.27777778
  1.11111111  1.72222222  2.55555556  3.33333333  4.05555556  4.94444444
  5.27777778  5.16666667  5.94444444  6.          6.27777778  5.94444444
  5.83333333  6.27777778  5.83333333  5.27777778  4.5         4.
  3.77777778  3.77777778  3.72222222  3.72222222  3.88888889  3.83333333
  3.77777778  3.61111111  3.61111111  4.          4.27777778  4.61111111
  4.38888889  4.55555556  5.5         5.88888889  6.88888889  7.11111111
  7.27777778  8.          7.05555556  6.66666667  5.66666667  4.83333333
  4.16666667  2.77777778  2.38888889  1.94444444  1.61111111  1.27777778
  1.          1.55555556  3.27777778  5.33333333  7.          8.33333333
  9.44444444 10.72222222 11.61111111 12.11111111 12.38888889 12.83333333
 12.66666667 14.05555556 13.44444444 12.77777778 11.44444444 10.44444444
  9.55555556  8.33333333  7.83333333  7.33333333  6.94444444  6.61111111
  6.77777778  9.05555556  9.77777778 10.55555556 11.77777778 13.61111111
 15.5        16.72222222 18.27777778 17.55555556 18.44444444 19.27777778
 18.88888889 19.66666667 19.33333333 18.61111111 17.33333333 16.44444444]"
dew_point_2m_celsius,"[-1.83333333 -4.5        -4.44444444 -3.83333333 -3.66666667 -3.22222222
 -3.11111111 -1.33333333 -2.         -0.22222222  2.27777778  2.88888889
  3.72222222  3.77777778  4.38888889  4.72222222  5.27777778  6.11111111
  6.77777778  7.05555556  7.38888889  7.5         7.38888889  7.05555556
  6.83333333  6.05555556  6.05555556  5.72222222  5.55555556  5.27777778
  4.83333333  5.22222222  5.77777778  6.27777778  6.61111111  7.33333333
  7.55555556  7.72222222  9.33333333 10.16666667 11.         11.61111111
 12.         10.27777778 10.55555556 10.38888889 10.33333333 10.27777778
 10.61111111  9.38888889  9.5         9.16666667  9.          8.77777778
  8.44444444  8.22222222  8.27777778  8.61111111  8.33333333  7.94444444
  9.          9.11111111  9.83333333 10.5        10.83333333 10.94444444
 11.05555556  9.66666667 10.05555556 10.27777778 10.55555556 11.16666667
 11.27777778 11.11111111  8.5         5.61111111  5.33333333  5.16666667
  5.27777778  5.66666667  5.61111111  5.5         5.16666667  2.66666667
  1.55555556  0.38888889 -0.33333333  0.05555556 -0.16666667  0.05555556
  0.72222222  0.66666667  0.83333333  1.11111111  2.16666667  2.33333333
  3.          3.33333333  3.55555556  4.05555556  4.33333333  4.94444444
  5.          6.          5.94444444  5.83333333  6.          6.16666667
  5.94444444  4.55555556  4.27777778  3.55555556  3.05555556  2.27777778
  1.83333333  3.72222222  5.11111111  6.05555556  6.66666667  6.94444444
  7.16666667  7.16666667  7.16666667  7.          6.88888889  6.5
  5.94444444  6.44444444  6.38888889  7.33333333  8.05555556  8.88888889
  9.          6.77777778  6.61111111  5.66666667  4.94444444  3.88888889
  3.83333333  6.11111111  6.72222222  8.22222222  8.94444444  9.27777778
  9.72222222  8.77777778  8.16666667  7.61111111  7.27777778  7.22222222
  7.44444444  9.11111111  9.16666667  8.66666667  8.66666667  9.
  9.33333333  6.83333333  4.77777778  3.5         3.5         3.88888889
  3.55555556  6.05555556  5.77777778  7.27777778  7.44444444  7.83333333
  8.05555556 10.22222222 10.          9.44444444  8.83333333  8.22222222
  8.44444444  9.22222222 10.72222222  9.83333333 10.66666667 11.27777778
 11.33333333  7.88888889  6.61111111  6.72222222  6.44444444  6.5
  7.33333333  7.61111111  8.77777778  9.66666667 11.83333333 11.33333333
 11.5        12.94444444 12.94444444 12.05555556 11.61111111 10.88888889
 10.83333333 11.27777778 10.38888889  9.          8.72222222  9.33333333
  9.77777778  9.77777778  9.16666667 11.05555556 10.61111111  9.33333333
  8.61111111  8.27777778  7.61111111  7.27777778  6.72222222  6.38888889
  6.          5.05555556  5.05555556  4.72222222  4.66666667  4.88888889
  4.88888889  4.5         3.61111111  2.61111111  1.94444444  1.61111111
  1.66666667  1.88888889  2.77777778  2.77777778  2.77777778  3.
  3.27777778  4.38888889  4.38888889  4.5         4.05555556  3.44444444
  3.27777778  2.5         2.11111111  2.5         2.38888889  2.33333333
  2.05555556  3.77777778  3.38888889  3.5         1.5         1.27777778
  1.55555556  1.22222222  1.38888889  0.22222222 -0.88888889 -1.22222222
 -1.77777778 -0.38888889 -0.5        -0.83333333  0.11111111 -0.22222222
 -1.16666667 -0.88888889 -1.66666667 -2.61111111 -3.44444444 -3.38888889
 -3.22222222 -2.27777778 -2.55555556 -2.22222222 -1.94444444 -2.16666667
 -2.27777778 -5.         -5.38888889 -5.33333333 -5.72222222 -6.66666667
 -6.11111111 -6.33333333 -5.77777778 -5.11111111 -3.27777778 -3.27777778
 -2.61111111 -3.5        -3.55555556 -4.5        -4.33333333 -4.11111111
 -2.44444444 -0.05555556  0.83333333  1.88888889  2.27777778  2.44444444
  1.94444444  1.05555556  0.83333333  0.83333333  0.55555556 -0.16666667
 -0.72222222 -0.5         0.27777778  0.55555556  1.          0.77777778
  0.66666667 -0.5        -0.5        -0.61111111 -0.83333333 -1.
 -0.94444444  0.38888889  0.         -0.05555556 -0.44444444 -0.44444444
 -0.72222222 -4.55555556 -4.16666667 -3.72222222 -3.83333333 -2.66666667
 -0.94444444 -0.44444444 -0.61111111  0.77777778  1.94444444  2.77777778
  3.5         3.77777778  3.66666667  3.55555556  3.72222222  3.94444444
  4.27777778  5.05555556  3.88888889  3.55555556  4.22222222  5.22222222
  5.66666667  4.72222222  4.83333333  7.          7.55555556  7.05555556
  7.33333333  8.66666667  8.66666667  9.11111111  9.5         9.38888889]"
apparent_temperature_celsius,"[ 8.44444444  6.88888889  6.61111111  6.11111111  5.94444444  5.72222222
  5.61111111  5.94444444  6.22222222  6.16666667  5.44444444  5.94444444
  5.33333333  3.77777778  4.38888889  5.11111111  6.16666667  7.5
  9.          9.77777778  9.77777778  9.27777778  8.44444444  7.77777778
  7.          6.          5.94444444  5.61111111  5.38888889  4.38888889
  4.05555556  4.5         6.88888889  8.61111111 10.27777778 12.38888889
 14.88888889 14.88888889 14.66666667 13.61111111 13.94444444 14.16666667
 15.38888889 14.33333333 13.66666667 13.05555556 13.         12.77777778
 12.         11.27777778 11.11111111 10.55555556 10.11111111  9.77777778
  9.61111111  9.27777778 10.16666667 11.55555556 13.         13.16666667
 13.72222222 12.77777778 12.72222222 12.38888889 12.83333333 13.33333333
 13.55555556 12.22222222 11.94444444 11.61111111 11.22222222 11.27777778
 11.22222222 10.88888889  9.83333333  8.5         8.          7.22222222
  6.72222222  6.83333333  7.05555556  7.77777778  8.72222222  9.55555556
 11.61111111 11.83333333 12.38888889 12.66666667 12.61111111 12.72222222
 12.66666667 13.55555556 13.16666667 12.61111111 11.61111111 10.55555556
  9.77777778  9.11111111  8.77777778  8.72222222  8.83333333  9.
  9.         10.16666667 10.55555556 11.44444444 12.27777778 13.55555556
 15.         16.27777778 18.         18.11111111 18.33333333 18.72222222
 18.88888889 20.11111111 19.88888889 18.66666667 16.83333333 15.61111111
 14.72222222 13.38888889 12.61111111 12.         11.16666667 10.44444444
 10.05555556 11.27777778 12.94444444 14.77777778 16.33333333 17.88888889
 19.33333333 21.61111111 22.77777778 23.11111111 23.27777778 22.61111111
 22.55555556 23.83333333 23.22222222 22.22222222 20.72222222 19.44444444
 18.72222222 16.66666667 15.55555556 14.72222222 14.05555556 13.55555556
 13.33333333 14.22222222 16.         17.38888889 19.22222222 21.61111111
 23.61111111 23.33333333 23.05555556 23.11111111 22.88888889 22.44444444
 22.16666667 24.44444444 23.83333333 22.83333333 20.66666667 19.11111111
 18.5        14.94444444 14.55555556 14.33333333 13.66666667 12.94444444
 12.66666667 12.83333333 16.94444444 19.11111111 20.         20.94444444
 23.66666667 25.55555556 26.94444444 28.         28.05555556 27.5
 27.5        27.22222222 27.16666667 26.         25.27777778 23.05555556
 20.27777778 20.05555556 18.27777778 17.61111111 16.77777778 16.16666667
 16.61111111 16.83333333 17.16666667 16.66666667 15.66666667 15.5
 14.11111111 13.88888889 14.22222222 13.22222222 13.         12.22222222
 12.11111111 13.11111111 12.61111111 11.94444444 11.16666667 10.66666667
 10.05555556  8.61111111  7.88888889  7.05555556  6.55555556  5.88888889
  5.5         5.22222222  6.          6.83333333  7.83333333  9.
 10.72222222 12.44444444 13.83333333 14.22222222 13.61111111 13.61111111
 13.5        12.94444444 12.38888889 11.77777778 10.83333333  9.16666667
  7.88888889  6.5         6.38888889  6.33333333  5.83333333  5.44444444
  5.16666667  5.61111111  6.22222222  7.88888889  8.27777778  7.77777778
  8.55555556  7.05555556  5.5         5.27777778  5.38888889  5.05555556
  4.83333333  3.77777778  3.11111111  2.66666667  1.55555556  1.27777778
  0.5        -0.5        -0.72222222 -1.27777778 -2.16666667 -2.61111111
 -2.77777778 -2.22222222 -1.44444444 -0.77777778 -0.11111111  0.61111111
  1.11111111  1.11111111  2.22222222  1.72222222  1.55555556  1.11111111
  1.16666667  1.66666667  1.55555556  1.72222222  1.55555556  0.77777778
  0.55555556  0.16666667 -0.11111111 -0.38888889 -0.11111111 -0.16666667
 -0.11111111 -0.11111111  0.          0.61111111  1.44444444  1.77777778
  1.          0.83333333  1.27777778  1.72222222  2.61111111  2.77777778
  2.77777778  3.88888889  3.33333333  3.44444444  2.88888889  2.11111111
  1.44444444  0.         -0.33333333 -0.72222222 -1.05555556 -1.38888889
 -1.61111111 -1.          0.72222222  2.55555556  3.88888889  5.83333333
  7.22222222  7.66666667  8.38888889  8.38888889  8.22222222  8.77777778
  8.83333333 10.61111111 10.16666667 10.11111111  9.11111111  8.22222222
  7.44444444  6.22222222  5.72222222  5.22222222  4.88888889  4.55555556
  4.77777778  6.88888889  7.05555556  7.61111111  8.88888889 10.66666667
 13.         13.33333333 15.83333333 14.44444444 15.5        16.
 15.72222222 17.38888889 17.27777778 17.11111111 16.         15.38888889]"
temperature_80m_celsius,"[11.83333333 10.66666667 10.16666667  9.66666667  9.33333333  9.16666667
  8.77777778  8.77777778  8.94444444  8.66666667  7.66666667  7.66666667
  7.16666667  5.44444444  5.83333333  6.44444444  7.55555556  8.55555556
  9.66666667 10.44444444 10.55555556 10.33333333  9.77777778  9.55555556
  9.44444444  8.44444444  8.55555556  8.44444444  8.44444444  8.44444444
  8.44444444  7.66666667  7.83333333  8.77777778 10.27777778 11.94444444
 13.66666667 14.33333333 13.77777778 13.33333333 13.33333333 13.55555556
 14.05555556 14.55555556 14.05555556 13.77777778 13.55555556 13.27777778
 12.66666667 12.33333333 12.27777778 11.55555556 11.16666667 10.83333333
 10.66666667 10.16666667 10.55555556 11.66666667 12.94444444 13.44444444
 13.16666667 13.05555556 12.66666667 12.33333333 12.66666667 13.05555556
 13.05555556 12.66666667 12.33333333 11.94444444 11.66666667 11.77777778
 11.77777778 11.44444444 11.55555556 10.94444444 10.33333333  9.66666667
  9.05555556  8.94444444  8.94444444  9.55555556 10.27777778 11.16666667
 12.05555556 12.83333333 13.44444444 13.83333333 14.33333333 14.77777778
 14.83333333 16.16666667 15.83333333 15.44444444 14.66666667 13.83333333
 13.33333333 12.55555556 12.05555556 11.66666667 11.27777778 11.27777778
 11.33333333 11.94444444 12.16666667 12.77777778 13.44444444 14.55555556
 15.94444444 17.44444444 18.94444444 20.16666667 20.66666667 21.16666667
 21.55555556 22.27777778 21.66666667 21.16666667 20.66666667 19.83333333
 18.94444444 17.66666667 16.83333333 16.16666667 15.77777778 15.66666667
 15.05555556 14.44444444 14.05555556 15.27777778 16.77777778 18.16666667
 19.55555556 21.66666667 22.44444444 23.16666667 23.77777778 24.16666667
 24.44444444 24.83333333 24.44444444 24.16666667 23.77777778 22.94444444
 21.77777778 20.27777778 19.66666667 18.66666667 18.27777778 17.94444444
 16.94444444 16.33333333 16.05555556 16.94444444 18.44444444 19.94444444
 21.33333333 22.05555556 23.33333333 23.77777778 23.94444444 23.94444444
 23.94444444 25.44444444 24.94444444 24.66666667 23.94444444 23.16666667
 22.44444444 20.55555556 20.27777778 19.83333333 19.77777778 19.66666667
 19.44444444 18.77777778 18.55555556 18.77777778 19.83333333 20.77777778
 22.66666667 25.66666667 26.77777778 27.66666667 28.33333333 28.94444444
 28.83333333 28.33333333 28.16666667 27.44444444 26.55555556 25.05555556
 22.16666667 21.16666667 21.05555556 20.44444444 20.16666667 19.55555556
 18.33333333 17.44444444 17.33333333 17.33333333 16.66666667 15.77777778
 15.27777778 14.83333333 15.94444444 14.33333333 14.44444444 13.94444444
 13.77777778 14.55555556 14.27777778 13.83333333 13.16666667 12.55555556
 11.94444444 10.55555556  9.83333333  9.05555556  8.33333333  7.66666667
  7.16666667  6.33333333  7.16666667  7.83333333  8.66666667  9.44444444
 10.33333333 11.44444444 12.44444444 13.33333333 14.05555556 14.44444444
 14.66666667 14.33333333 13.83333333 13.33333333 12.83333333 11.77777778
 10.83333333  9.27777778  8.66666667  8.33333333  7.94444444  7.55555556
  7.16666667  6.83333333  7.27777778  8.55555556  9.83333333  9.94444444
  9.94444444  8.83333333  7.44444444  7.05555556  7.55555556  7.44444444
  7.44444444  6.33333333  5.83333333  5.66666667  4.55555556  4.27777778
  3.83333333  2.55555556  2.33333333  1.94444444  1.27777778  0.55555556
  0.27777778  0.44444444  0.77777778  1.33333333  1.77777778  2.44444444
  2.77777778  2.27777778  3.05555556  3.33333333  3.77777778  3.94444444
  3.94444444  4.77777778  4.66666667  4.66666667  4.55555556  4.55555556
  4.55555556  4.27777778  3.55555556  3.27777778  3.33333333  3.33333333
  3.16666667  2.77777778  2.66666667  2.77777778  2.94444444  3.27777778
  2.77777778  2.55555556  3.77777778  4.16666667  5.05555556  5.33333333
  5.83333333  6.77777778  6.05555556  6.05555556  5.66666667  5.05555556
  4.55555556  3.27777778  2.94444444  2.55555556  2.16666667  1.94444444
  1.83333333  1.33333333  1.77777778  3.44444444  4.66666667  5.77777778
  6.83333333  8.16666667  9.16666667  9.77777778 10.33333333 10.66666667
 10.83333333 12.66666667 12.55555556 12.55555556 12.27777778 11.83333333
 11.16666667  9.94444444  9.55555556  8.94444444  8.55555556  8.27777778
  7.94444444  8.55555556  8.77777778  9.16666667 10.05555556 11.33333333
 13.27777778 14.33333333 15.83333333 15.77777778 16.44444444 17.44444444
 17.44444444 18.44444444 18.66666667 18.33333333 17.44444444 16.66666667]"
temperature_120m_celsius,"[11.66666667 10.33333333  9.83333333  9.44444444  8.94444444  8.66666667
  8.33333333  8.27777778  8.33333333  8.05555556  6.94444444  6.94444444
  6.44444444  4.83333333  5.16666667  5.77777778  6.83333333  7.83333333
  8.94444444  9.77777778  9.83333333  9.77777778  9.44444444  9.33333333
  9.33333333  8.44444444  8.55555556  8.44444444  8.33333333  8.44444444
  8.66666667  7.94444444  8.05555556  8.05555556  9.44444444 11.16666667
 12.83333333 13.66666667 13.05555556 12.66666667 12.66666667 12.83333333
 13.33333333 13.83333333 13.55555556 13.55555556 13.33333333 13.05555556
 12.66666667 12.77777778 12.94444444 12.05555556 11.27777778 10.83333333
 10.55555556  9.94444444  9.83333333 10.94444444 12.27777778 12.77777778
 12.44444444 12.33333333 11.94444444 11.66666667 11.94444444 12.33333333
 12.44444444 12.05555556 12.05555556 11.77777778 11.55555556 11.77777778
 11.77777778 11.27777778 11.05555556 10.44444444  9.83333333  9.16666667
  8.55555556  8.27777778  8.27777778  8.77777778  9.44444444 10.33333333
 11.33333333 12.05555556 12.77777778 13.16666667 13.55555556 13.94444444
 14.05555556 15.44444444 15.16666667 14.83333333 14.33333333 13.77777778
 13.33333333 12.66666667 12.33333333 12.05555556 11.66666667 11.27777778
 11.16666667 11.33333333 11.55555556 12.16666667 12.77777778 13.83333333
 15.27777778 16.66666667 18.27777778 19.33333333 19.94444444 20.44444444
 20.83333333 21.55555556 21.27777778 21.16666667 20.83333333 20.55555556
 19.66666667 18.33333333 17.66666667 16.94444444 16.44444444 16.27777778
 15.55555556 15.33333333 14.66666667 14.77777778 16.05555556 17.44444444
 18.77777778 20.94444444 21.77777778 22.33333333 22.94444444 23.44444444
 23.77777778 24.16666667 23.94444444 23.94444444 23.77777778 23.33333333
 22.27777778 20.77777778 20.16666667 19.16666667 18.83333333 18.55555556
 17.27777778 16.66666667 16.27777778 16.27777778 17.77777778 19.27777778
 20.55555556 21.27777778 22.55555556 22.94444444 23.16666667 23.16666667
 23.16666667 24.77777778 24.27777778 24.05555556 23.55555556 23.05555556
 22.55555556 20.44444444 20.27777778 19.94444444 20.05555556 20.27777778
 20.05555556 19.44444444 19.16666667 19.05555556 19.27777778 20.05555556
 21.94444444 24.83333333 25.94444444 26.83333333 27.55555556 28.16666667
 28.16666667 27.66666667 27.77777778 27.33333333 26.33333333 24.77777778
 22.05555556 21.94444444 21.33333333 20.83333333 20.77777778 20.55555556
 19.55555556 18.44444444 16.94444444 16.66666667 15.94444444 15.05555556
 14.55555556 14.05555556 15.16666667 13.66666667 13.66666667 13.27777778
 13.05555556 13.77777778 13.55555556 13.16666667 12.44444444 11.83333333
 11.27777778  9.83333333  9.16666667  8.44444444  7.77777778  7.27777778
  6.94444444  5.83333333  6.44444444  7.05555556  7.83333333  8.66666667
  9.55555556 10.66666667 11.66666667 12.55555556 13.33333333 13.77777778
 13.83333333 13.66666667 13.16666667 12.77777778 12.27777778 11.33333333
 10.77777778  9.44444444  8.77777778  8.27777778  7.66666667  7.16666667
  6.66666667  6.44444444  6.55555556  7.83333333  9.05555556  9.16666667
  9.16666667  8.05555556  6.77777778  6.27777778  6.77777778  6.77777778
  6.77777778  5.66666667  5.16666667  4.94444444  3.83333333  3.66666667
  3.16666667  1.83333333  1.77777778  1.27777778  0.55555556 -0.05555556
 -0.44444444 -0.33333333  0.05555556  0.66666667  1.05555556  1.66666667
  2.05555556  1.44444444  2.27777778  2.55555556  2.94444444  3.27777778
  3.27777778  4.05555556  3.94444444  3.94444444  3.94444444  3.94444444
  4.16666667  3.77777778  3.05555556  2.77777778  2.83333333  2.83333333
  2.83333333  2.16666667  1.94444444  2.05555556  2.27777778  2.55555556
  2.05555556  1.83333333  2.94444444  3.44444444  4.33333333  4.66666667
  5.05555556  5.94444444  5.33333333  5.44444444  5.27777778  4.83333333
  4.44444444  3.16666667  2.94444444  2.55555556  2.27777778  1.94444444
  1.77777778  1.55555556  1.33333333  2.77777778  3.94444444  5.05555556
  6.05555556  7.33333333  8.33333333  9.05555556  9.55555556  9.94444444
 10.05555556 11.94444444 11.83333333 11.94444444 11.77777778 11.44444444
 11.05555556  9.94444444  9.66666667  9.16666667  8.83333333  8.55555556
  8.27777778  8.16666667  8.05555556  8.44444444  9.27777778 10.66666667
 12.44444444 13.66666667 15.05555556 14.94444444 15.66666667 16.66666667
 16.77777778 17.77777778 17.94444444 17.83333333 17.27777778 16.83333333]"
wind_speed_10m_m_per_s,"[1.5934 2.1588 2.1074 1.9532 1.9532 2.0046 1.9018 2.1588 2.6214 2.6214
 2.9298 2.4672 2.6728 2.9298 2.9298 3.3924 3.8036 3.9064 3.1354 2.7242
 2.4158 2.0046 1.5934 1.285  1.3878 1.1822 1.028  0.8738 0.7196 1.1308
 1.1308 0.8224 0.8224 1.542  1.799  2.056  1.9532 0.9766 0.2056 1.9018
 1.799  1.8504 0.9252 2.9298 2.827  2.7242 1.5934 1.1308 2.1588 2.1588
 1.6448 2.2102 2.1074 2.1074 1.9532 2.3644 2.2102 2.7242 2.7242 2.4158
 0.771  2.056  1.9532 2.4158 2.4158 2.1074 1.6962 2.2616 2.1588 1.9532
 2.1074 2.2616 2.57   2.313  3.0326 3.2382 3.1354 3.3924 3.4438 3.8036
 4.0092 4.4204 4.4718 4.4204 4.0092 4.0606 3.9578 3.9064 3.8036 3.8036
 3.7522 3.7522 3.1868 2.3644 1.6448 1.4906 1.2336 1.2336 1.4906 1.7476
 2.1588 2.4158 2.6214 2.3644 2.827  2.827  3.1868 3.4952 4.112  4.6774
 4.9344 4.9344 4.7288 4.4718 4.112  3.1868 2.056  1.6448 1.542  1.3878
 1.3878 1.3878 1.3878 1.285  1.285  1.285  1.542  1.285  1.9018 2.4158
 2.9812 3.2382 3.4952 4.0606 4.1634 4.1634 4.0606 3.9578 3.7008 2.3644
 1.799  1.285  1.3878 1.3878 1.4392 1.2336 1.3364 1.542  1.4392 1.2336
 1.285  0.9252 0.9252 1.2336 1.4906 1.799  2.2102 3.5466 4.369  4.7802
 4.7802 4.3176 3.8036 2.1588 1.4906 1.0794 1.3364 1.542  1.3364 1.1308
 1.1822 1.2336 1.3878 1.2336 1.3878 0.9766 0.771  0.9252 2.7242 3.084
 2.9812 3.8036 4.369  4.6774 4.369  4.2662 3.7522 2.2616 2.056  1.4906
 0.3598 1.285  2.6214 0.5654 1.285  1.2336 1.1308 1.3364 1.6962 1.1308
 2.4158 2.9298 4.1634 3.3924 5.0886 4.6774 5.9624 5.2942 5.397  5.2942
 5.0886 4.2662 4.0606 4.0606 3.6494 3.2382 3.0326 2.6728 2.6214 2.7242
 1.9532 1.5934 1.6448 1.9532 2.5186 2.4672 2.3644 2.5186 2.4672 2.6214
 2.6214 2.57   2.3644 2.1074 2.1588 2.0046 1.799  1.542  1.285  1.3364
 1.4906 1.9018 1.5934 1.2336 1.542  1.6962 1.6448 1.6962 1.8504 1.9018
 3.3924 4.2662 4.369  4.7802 4.9344 4.2148 4.3176 4.1634 3.9064 4.112
 3.598  3.1868 3.2382 2.9298 3.4952 3.2896 3.1868 3.2382 3.0326 2.5186
 2.4672 2.827  2.8784 3.1868 3.3924 3.7522 3.7522 3.4952 3.598  3.6494
 3.6494 3.598  3.3924 3.2896 2.6728 1.4392 0.7196 1.1822 1.3878 1.9532
 2.313  2.57   2.5186 2.5186 2.6728 2.9812 3.084  2.9298 2.0046 2.1074
 2.9812 3.3924 4.2148 4.2148 4.3176 4.1634 4.2148 3.6494 3.1354 2.2616
 1.542  1.3364 1.285  1.1308 0.9766 0.8738 0.771  0.7196 0.6168 0.9252
 0.8224 1.1822 1.799  2.0046 2.1588 2.4158 2.7242 2.9298 2.8784 2.9812
 2.9298 2.313  2.0046 1.1822 1.0794 1.0794 1.1822 1.285  1.2336 1.1308
 1.1308 1.1308 1.2336 1.8504 2.4158 2.7242 2.827  3.341  3.9064 4.0092
 4.5232 4.4204 4.4204 4.7802 4.6774 3.598  3.2382 2.4158 2.313  1.6962]"
wind_speed_80m_m_per_s,"[ 4.883   5.8082  5.1914  5.4998  4.9858  5.2942  4.883   4.883   5.14
  5.4484  5.8596  4.7802  5.0886  5.397   5.2942  6.0138  6.5792  6.682
  5.3456  4.5746  4.4204  4.5232  4.4204  4.0606  4.3176  4.2662  3.598
  2.7756  0.8224  2.0046  2.9812  2.8784  2.4158  2.4158  2.57    3.084
  2.8784  1.0794  0.9252  2.7756  2.827   3.2382  1.3364  5.0372  5.2428
  5.7054  4.1634  3.3924  5.14    5.2428  4.626   5.1914  5.2942  5.0372
  4.8316  4.8316  3.9064  4.4204  4.3176  3.8036  1.0794  3.6494  3.1868
  3.9064  4.0606  3.6494  2.8784  4.112   4.3176  4.7288  5.4484  5.911
  6.4764  5.911   6.939   7.196   7.0418  7.2474  7.3502  7.6586  7.6586
  7.9156  7.8128  7.5044  6.4764  6.7334  6.5278  6.425   6.425   6.425
  6.425   6.7848  6.2194  5.4998  5.2942  5.1914  4.2148  4.112   4.9344
  5.4484  5.654   5.911   6.1166  5.7568  5.7054  5.397   5.5512  5.8082
  6.939   7.967   8.6866  9.0464  8.738   8.2754  7.7614  6.2708  4.8316
  5.14    5.397   5.5512  5.4484  5.397   5.14    4.626   4.3176  4.3176
  5.8596  5.14    4.6774  3.7522  4.6774  5.3456  5.8082  6.7334  6.8362
  6.7848  6.7848  6.7848  6.5792  4.369   4.112   4.2148  4.883   5.4484
  5.2942  4.9344  5.2942  5.911   5.4484  5.14    5.14    3.7008  2.7756
  1.542   1.9018  2.2616  2.827   5.14    6.8362  7.71    7.8642  7.0418
  6.3736  3.7522  3.1868  3.2382  3.9578  5.2942  5.2942  3.7008  4.4718
  4.4204  5.0372  4.3176  4.5746  4.2148  3.1868  2.2102  4.369   5.4998
  4.7802  6.3736  7.6072  8.3268  7.6586  8.0184  7.4016  4.8316  4.9344
  4.8316  2.0046  4.112   5.397   3.2382  1.285   3.9064  3.7008  5.4998
  6.1166  4.3176  4.6774  5.654   7.71    6.0138  9.6118  8.8922 11.5136
 10.3828 10.8968 10.6912 10.023   8.5838  8.224   8.4296  7.8642  6.8876
  6.5792  5.9624  5.9624  5.911   4.9858  4.4718  4.5746  3.7522  4.1634
  3.855   3.4952  3.6494  3.3924  3.7008  3.7008  3.6494  3.3924  3.1354
  3.341   3.7008  3.598   3.5466  3.598   4.0606  4.883   5.4998  4.2148
  3.3924  3.855   4.0606  3.6494  3.0326  2.827   2.6214  5.6026  7.453
  7.4016  8.6352  8.738   7.4016  7.6072  7.6072  7.0932  7.5558  6.8876
  6.682   6.939   6.4764  7.4016  6.7848  6.7848  6.7848  6.4764  5.4998
  5.2428  5.3456  5.0886  5.6026  6.0652  6.425   6.7334  5.8596  6.0138
  6.168   6.3736  6.5792  6.2194  6.0138  4.9858  3.2382  1.6448  2.8784
  4.3176  5.2942  6.2194  6.2708  5.8082  5.7568  6.1166  6.2194  6.2194
  5.6026  3.4438  3.1354  4.7802  5.654   7.7614  8.0184  8.0184  8.0698
  8.3782  7.3502  6.5278  5.1914  4.626   4.369   4.2148  3.598   3.2896
  2.7242  2.5186  2.0046  1.542   2.056   1.0794  1.6448  2.4672  2.8784
  3.0326  3.6494  4.0092  4.626   4.7802  4.7802  4.8316  4.1634  3.9064
  3.2896  3.4952  3.9064  4.4204  4.5232  4.5746  4.1634  4.0606  4.1634
  4.4718  4.7288  4.8316  4.8316  4.4718  5.4484  6.682   6.7848  7.6072
  8.2754  8.0698  8.995   9.4062  7.196   7.0418  6.0138  6.3222  5.2942]"
visibility_m,"[2.41400006e+04 2.41400006e+04 2.41400006e+04 2.41400006e+04
 2.41400006e+04 2.41400006e+04 2.41400006e+04 2.41400006e+04
 2.41400006e+04 2.41400006e+04 2.41400006e+04 5.21999992e+03
 3.73999994e+03 8.68000022e+03 2.41400006e+04 2.41400006e+04
 2.41400006e+04 2.41400006e+04 2.41400006e+04 2.41400006e+04
 2.41400006e+04 2.41400006e+04 2.41400006e+04 2.41400006e+04
 2.41400006e+04 2.41400006e+04 2.41400006e+04 2.41400006e+04
 2.41400006e+04 2.41400006e+04 2.41400006e+04 2.41400006e+04
 2.41400006e+04 2.41400006e+04 2.41400006e+04 2.41400006e+04
 2.41400006e+04 2.41400006e+04 2.41400006e+04 2.41400006e+04
 2.41400006e+04 2.41400006e+04 2.41400006e+04 2.41400006e+04
 2.41400006e+04 2.41400006e+04 2.41400006e+04 2.41400006e+04
 2.41400006e+04 2.41400006e+04 2.40400000e+04 2.22999992e+04
 2.41400006e+04 2.41400006e+04 2.41400006e+04 2.41400006e+04
 2.41400006e+04 2.41400006e+04 2.41400006e+04 2.41400006e+04
 2.41400006e+04 2.41400006e+04 2.32600000e+04 1.51400006e+04
 2.41400006e+04 2.41400006e+04 2.41400006e+04 7.31999999e+03
 7.27999987e+03 7.19999993e+03 1.05799997e+04 2.39799995e+04
 1.25000004e+04 2.22999992e+04 1.75799996e+04 2.41400006e+04
 2.41400006e+04 2.41400006e+04 2.41400006e+04 2.41400006e+04
 2.41400006e+04 2.41400006e+04 2.41400006e+04 2.41400006e+04
 2.41400006e+04 2.41400006e+04 2.41400006e+04 2.41400006e+04
 2.41400006e+04 2.41400006e+04 2.41400006e+04 2.41400006e+04
 2.41400006e+04 2.41400006e+04 2.41400006e+04 2.41400006e+04
 2.41400006e+04 2.41400006e+04 2.41400006e+04 2.41400006e+04
 2.41400006e+04 2.41400006e+04 2.41400006e+04 2.41400006e+04
 2.41400006e+04 2.41400006e+04 2.41400006e+04 2.41400006e+04
 2.41400006e+04 2.41400006e+04 2.41400006e+04 2.41400006e+04
 2.41400006e+04 2.41400006e+04 2.41400006e+04 2.41400006e+04
 2.41400006e+04 2.41400006e+04 2.41400006e+04 2.41400006e+04
 2.41400006e+04 2.41400006e+04 2.41400006e+04 2.41400006e+04
 2.41400006e+04 2.41400006e+04 2.41400006e+04 2.41400006e+04
 2.41400006e+04 2.41400006e+04 2.41400006e+04 2.41400006e+04
 2.41400006e+04 2.41400006e+04 2.41400006e+04 2.41400006e+04
 2.41400006e+04 2.41400006e+04 2.41400006e+04 2.41400006e+04
 2.41400006e+04 2.41400006e+04 2.41400006e+04 2.41400006e+04
 2.41400006e+04 2.41400006e+04 2.41400006e+04 2.41400006e+04
 2.41400006e+04 2.41400006e+04 2.41400006e+04 2.41400006e+04
 2.41400006e+04 2.41400006e+04 2.41400006e+04 2.41400006e+04
 2.41400006e+04 2.41400006e+04 2.41400006e+04 2.41400006e+04
 2.41400006e+04 2.41400006e+04 2.41400006e+04 2.41400006e+04
 2.41400006e+04 2.41400006e+04 2.41400006e+04 2.41400006e+04
 2.41400006e+04 2.41400006e+04 2.41400006e+04 2.41400006e+04
 2.41400006e+04 2.41400006e+04 2.41400006e+04 2.41400006e+04
 2.41400006e+04 2.41400006e+04 2.41400006e+04 2.41400006e+04
 2.41400006e+04 2.41400006e+04 2.41400006e+04 2.41400006e+04
 2.41400006e+04 2.41400006e+04 2.41400006e+04 2.41400006e+04
 2.41400006e+04 2.41400006e+04 2.41400006e+04 1.83400004e+04
 2.41400006e+04 2.41400006e+04 2.41400006e+04 2.41400006e+04
 2.41400006e+04 2.41400006e+04 2.41400006e+04 2.41400006e+04
 2.41400006e+04 2.41400006e+04 2.41400006e+04 6.31999996e+03
 2.20800000e+04 2.41400006e+04 2.15799994e+04 2.41400006e+04
 2.41400006e+04 2.41400006e+04 2.41400006e+04 2.41400006e+04
 2.41400006e+04 2.41400006e+04 2.41400006e+04 2.41400006e+04
 2.41400006e+04 2.41400006e+04 2.41400006e+04 2.41400006e+04
 2.41400006e+04 2.41400006e+04 2.41400006e+04 2.41400006e+04
 2.41400006e+04 2.41400006e+04 2.41400006e+04 2.41400006e+04
 2.41400006e+04 2.41400006e+04 2.41400006e+04 2.41400006e+04
 2.41400006e+04 2.41400006e+04 2.41400006e+04 2.41400006e+04
 2.41400006e+04 2.41400006e+04 2.41400006e+04 2.41400006e+04
 2.41400006e+04 2.41400006e+04 2.41400006e+04 2.41400006e+04
 2.41400006e+04 2.41400006e+04 2.41400006e+04 2.41400006e+04
 2.41400006e+04 2.41400006e+04 2.41400006e+04 2.41400006e+04
 2.41400006e+04 2.41400006e+04 2.41400006e+04 2.41400006e+04
 1.12600002e+04 2.41200002e+04 1.57000005e+04 2.24399999e+04
 1.87000003e+04 2.40600000e+04 2.41400006e+04 2.41400006e+04
 2.41400006e+04 2.41400006e+04 2.41400006e+04 2.41400006e+04
 2.41400006e+04 2.41400006e+04 2.41400006e+04 2.41400006e+04
 2.41400006e+04 2.41400006e+04 2.41400006e+04 2.41400006e+04
 9.88000026e+03 4.48000008e+03 2.38800013e+04 2.41400006e+04
 2.41400006e+04 2.41400006e+04 2.41400006e+04 2.41400006e+04
 2.41400006e+04 2.41400006e+04 2.41400006e+04 2.41400006e+04
 2.41400006e+04 2.41400006e+04 2.41400006e+04 2.41400006e+04
 2.41400006e+04 2.33800007e+04 4.59999893e+02 4.00001232e+01
 4.00001232e+01 2.00000616e+01 2.00000616e+01 2.00000616e+01
 2.00000616e+01 2.00000616e+01 4.00001232e+01 2.40000130e+02
 1.81000003e+04 1.14800003e+04 2.30800013e+04 2.40400000e+04
 2.39599994e+04 2.41400006e+04 2.41400006e+04 2.41400006e+04
 2.41400006e+04 2.41400006e+04 2.41400006e+04 2.41400006e+04
 2.41400006e+04 2.41400006e+04 2.41400006e+04 2.41400006e+04
 2.41400006e+04 2.41400006e+04 2.41400006e+04 2.41400006e+04
 2.41400006e+04 2.41400006e+04 2.41400006e+04 2.41400006e+04
 2.41400006e+04 2.41400006e+04 2.41400006e+04 2.41400006e+04
 2.41400006e+04 2.41400006e+04 2.41400006e+04 2.41400006e+04
 2.41400006e+04 2.41400006e+04 2.41400006e+04 2.41400006e+04
 2.41400006e+04 2.41400006e+04 2.41400006e+04 2.41400006e+04
 2.41400006e+04 2.41400006e+04 2.41400006e+04 2.41400006e+04
 2.41400006e+04 2.41400006e+04 1.69000002e+04 1.28399999e+04
 1.07999997e+04 1.54199999e+04 2.41400006e+04 2.15999998e+04
 2.41400006e+04 2.39599994e+04 2.41400006e+04 2.41400006e+04]"
evapotranspiration_mm,"[ 0.0254  0.0254  0.0254  0.0254  0.0254  0.0254  0.0254  0.0254  0.0508
  0.0508  0.1016  0.1016  0.1016  0.0762  0.0762  0.1016  0.127   0.127
  0.127   0.1016  0.0508  0.0254  0.      0.      0.      0.     -0.
 -0.     -0.     -0.     -0.      0.      0.0254  0.0508  0.1016  0.127
  0.1778  0.1524  0.1524  0.1016  0.1016  0.0762  0.0762  0.0508  0.0508
  0.0254  0.0254  0.      0.      0.0254  0.      0.      0.      0.
  0.      0.0254  0.0254  0.0508  0.0762  0.0762  0.0762  0.1016  0.0762
  0.0762  0.0762  0.0762  0.0508  0.0508  0.0508  0.0254  0.0254  0.
  0.      0.      0.      0.0254  0.0254  0.0254  0.0254  0.0254  0.0508
  0.0508  0.0508  0.0762  0.1016  0.1016  0.127   0.127   0.1016  0.1016
  0.1016  0.0762  0.0508  0.0508  0.0254  0.0254  0.      0.      0.
  0.      0.      0.      0.0254  0.0254  0.0254  0.0508  0.0508  0.1016
  0.1016  0.127   0.1524  0.1524  0.127   0.127   0.127   0.1016  0.0762
  0.0508  0.0254  0.0254  0.0254  0.      0.      0.      0.      0.
  0.      0.0254  0.0508  0.0762  0.1016  0.1016  0.127   0.1524  0.1524
  0.1524  0.1524  0.1524  0.127   0.1016  0.0762  0.0508  0.0254  0.0254
  0.0254  0.0254  0.0254  0.      0.      0.      0.      0.0254  0.0254
  0.0508  0.1016  0.1524  0.1524  0.1778  0.1524  0.1524  0.1524  0.1524
  0.127   0.1016  0.0762  0.0508  0.0254  0.0254  0.0254  0.0254  0.
  0.      0.      0.      0.      0.0254  0.0508  0.0508  0.1016  0.127
  0.1778  0.1778  0.1778  0.1778  0.1778  0.1524  0.127   0.1016  0.0762
  0.0508  0.0254  0.      0.0254  0.0254  0.      0.      0.      0.
  0.      0.0254  0.0508  0.0508  0.0762  0.0762  0.0762  0.0508  0.0762
  0.0762  0.1016  0.0762  0.0762  0.0762  0.0508  0.0254  0.0254  0.0254
  0.0254  0.0254  0.0254  0.      0.      0.      0.      0.      0.0254
  0.0508  0.0508  0.0762  0.1016  0.1016  0.127   0.127   0.1016  0.1016
  0.0762  0.0508  0.0508  0.0508  0.0508  0.0254  0.0254  0.0254  0.0254
  0.0254  0.0254  0.0254  0.0254  0.0254  0.0508  0.0762  0.127   0.1524
  0.1524  0.1524  0.1016  0.1016  0.1016  0.1016  0.1016  0.0762  0.0762
  0.0508  0.0508  0.0254  0.0254  0.0254  0.0254  0.0254  0.0254  0.0254
  0.0254  0.0254  0.0508  0.0762  0.127   0.1778  0.2032  0.2286  0.1524
  0.1524  0.1524  0.127   0.127   0.1016  0.1016  0.0508  0.0254  0.
  0.0254  0.0254  0.0254  0.0254  0.0254  0.0508  0.0508  0.0762  0.0762
  0.0762  0.0508  0.0762  0.1016  0.127   0.1524  0.1016  0.127   0.127
  0.1524  0.127   0.1016  0.0508  0.0254  0.0254  0.0254  0.      0.
  0.     -0.     -0.     -0.     -0.      0.0254  0.0762  0.1016  0.1524
  0.1778  0.2032  0.1778  0.1778  0.1778  0.1524  0.1524  0.127   0.1016
  0.0508  0.0254  0.      0.      0.      0.      0.      0.     -0.
 -0.      0.      0.0254  0.0508  0.1016  0.127   0.1524  0.1524  0.1524
  0.1524  0.127   0.1524  0.127   0.1016  0.1016  0.0508  0.0508  0.0254]"
soil_temperature_0cm_celsius,"[10.77777778 10.27777778  9.77777778  9.33333333  9.27777778  9.16666667
  9.11111111  9.94444444 10.83333333 10.05555556  9.66666667 10.33333333
  9.27777778  8.38888889  9.05555556 11.38888889 12.05555556 13.83333333
 13.77777778 13.27777778 11.83333333 10.27777778  9.11111111  8.5
  7.94444444  7.33333333  7.          6.72222222  6.33333333  6.22222222
  6.05555556  7.05555556 10.22222222 13.38888889 16.16666667 18.88888889
 20.55555556 17.38888889 15.11111111 15.16666667 15.27777778 14.94444444
 15.94444444 16.         14.55555556 13.66666667 12.94444444 12.44444444
 12.27777778 11.77777778 11.44444444 11.33333333 10.77777778 10.72222222
 10.83333333 11.55555556 13.5        16.27777778 17.88888889 16.
 15.22222222 14.27777778 14.44444444 14.16666667 14.66666667 14.55555556
 14.27777778 13.27777778 12.72222222 12.22222222 11.83333333 11.77777778
 11.77777778 11.33333333 11.         10.61111111 10.38888889  9.77777778
  9.61111111 10.61111111 11.83333333 13.72222222 15.5        17.5
 19.88888889 19.77777778 19.94444444 20.33333333 20.         19.61111111
 18.5        18.16666667 16.11111111 14.05555556 12.11111111 11.11111111
 10.27777778 10.27777778 10.22222222 10.33333333 10.72222222 10.94444444
 11.05555556 12.22222222 13.38888889 14.77777778 16.77777778 18.83333333
 21.11111111 22.66666667 23.83333333 22.66666667 23.72222222 23.44444444
 22.55555556 22.38888889 20.27777778 17.66666667 15.61111111 14.44444444
 13.72222222 12.61111111 11.88888889 11.27777778 10.72222222 10.27777778
 10.61111111 12.66666667 15.83333333 18.77777778 20.66666667 21.88888889
 24.16666667 27.38888889 28.05555556 28.33333333 28.27777778 26.94444444
 26.         25.38888889 22.94444444 20.5        18.83333333 17.66666667
 17.27777778 15.22222222 14.55555556 14.22222222 13.27777778 12.61111111
 12.77777778 14.94444444 18.05555556 21.33333333 24.61111111 27.33333333
 29.22222222 29.22222222 28.77777778 29.5        28.77777778 27.88888889
 26.61111111 26.33333333 23.94444444 21.22222222 19.22222222 18.61111111
 17.88888889 14.22222222 14.38888889 14.11111111 13.5        12.77777778
 13.72222222 14.55555556 18.5        20.11111111 22.22222222 23.27777778
 28.05555556 31.5        32.61111111 32.88888889 32.55555556 30.77777778
 29.44444444 27.27777778 26.33333333 23.44444444 20.72222222 19.22222222
 19.33333333 17.77777778 16.61111111 16.         14.44444444 15.05555556
 16.27777778 16.94444444 18.83333333 19.05555556 19.61111111 19.55555556
 18.05555556 17.77777778 18.44444444 16.27777778 16.44444444 16.22222222
 16.5        16.94444444 15.77777778 14.55555556 13.77777778 13.11111111
 12.55555556 10.88888889 10.5         9.66666667  8.55555556  7.55555556
  8.          9.66666667 12.27777778 14.27777778 16.77777778 18.5
 20.5        21.83333333 22.77777778 22.44444444 20.83333333 18.77777778
 18.05555556 15.55555556 14.55555556 13.27777778 11.55555556  9.83333333
  9.          8.77777778  8.83333333  8.72222222  8.5         8.44444444
  8.27777778  9.16666667 11.11111111 13.77777778 14.33333333 13.72222222
 15.83333333 13.72222222 13.05555556 13.61111111 12.77777778 12.
 11.11111111  9.88888889  8.16666667  7.11111111  5.77777778  5.66666667
  5.5         4.61111111  4.27777778  3.83333333  2.72222222  2.16666667
  2.33333333  3.88888889  5.66666667  6.27777778  7.61111111  8.83333333
  9.16666667  9.83333333 10.38888889  9.55555556  9.27777778  7.94444444
  8.16666667  7.77777778  6.72222222  5.27777778  3.55555556  3.27777778
  3.38888889  3.88888889  3.94444444  4.11111111  4.27777778  4.27777778
  4.16666667  4.33333333  4.61111111  5.27777778  5.77777778  6.11111111
  6.16666667  7.22222222  7.22222222  7.88888889  8.61111111  8.88888889
  8.22222222  8.83333333  7.27777778  6.33333333  5.          4.27777778
  3.61111111  2.66666667  2.27777778  1.38888889  0.88888889  0.38888889
  0.61111111  3.38888889  6.27777778  8.94444444 10.94444444 12.61111111
 13.66666667 15.         15.44444444 14.83333333 14.38888889 15.38888889
 13.83333333 15.         13.05555556 10.94444444  8.77777778  8.22222222
  7.94444444  6.88888889  6.16666667  5.94444444  5.44444444  5.11111111
  6.44444444  9.33333333 10.61111111 12.27777778 14.5        17.77777778
 18.77777778 20.72222222 21.55555556 18.77777778 20.77777778 21.
 19.27777778 19.61111111 18.05555556 16.55555556 15.27777778 14.44444444]"
soil_temperature_6cm_celsius,"[12.11111111 11.44444444 11.11111111 10.66666667 10.38888889 10.16666667
  9.94444444 10.         10.27777778 10.44444444 10.22222222 10.27777778
 10.11111111  8.88888889  8.94444444  9.27777778 10.27777778 11.22222222
 11.94444444 12.27777778 11.94444444 11.33333333 10.5         9.77777778
  9.22222222  8.27777778  8.11111111  7.83333333  7.55555556  7.27777778
  7.05555556  6.72222222  7.61111111  9.11111111 10.88888889 12.72222222
 14.55555556 15.16666667 14.44444444 13.94444444 13.88888889 13.77777778
 14.05555556 14.72222222 14.22222222 13.77777778 13.27777778 12.77777778
 12.44444444 12.22222222 11.83333333 11.61111111 11.33333333 11.11111111
 10.94444444 10.94444444 11.33333333 12.38888889 13.83333333 14.44444444
 14.33333333 13.88888889 13.77777778 13.66666667 13.66666667 13.72222222
 13.66666667 13.38888889 13.11111111 12.72222222 12.27777778 12.05555556
 11.88888889 11.44444444 11.38888889 11.22222222 10.94444444 10.72222222
 10.38888889 10.27777778 10.61111111 11.27777778 12.27777778 13.38888889
 14.72222222 16.05555556 16.55555556 17.11111111 17.38888889 17.5
 17.33333333 17.38888889 16.66666667 15.72222222 14.5        13.33333333
 12.44444444 11.77777778 11.33333333 11.11111111 11.05555556 11.16666667
 11.22222222 11.66666667 12.         12.66666667 13.55555556 14.77777778
 16.22222222 17.66666667 18.88888889 19.77777778 19.88888889 20.27777778
 20.33333333 20.61111111 19.94444444 18.88888889 17.55555556 16.27777778
 15.33333333 14.38888889 13.77777778 13.16666667 12.61111111 12.11111111
 11.72222222 11.94444444 12.94444444 14.44444444 16.11111111 17.5
 18.77777778 21.27777778 22.44444444 23.27777778 23.83333333 24.
 23.72222222 23.55555556 22.77777778 21.61111111 20.27777778 19.22222222
 18.27777778 16.94444444 16.38888889 15.77777778 15.27777778 14.66666667
 14.16666667 14.16666667 15.         16.44444444 18.33333333 20.33333333
 22.16666667 23.38888889 24.27777778 24.77777778 25.11111111 25.05555556
 24.77777778 24.77777778 23.88888889 22.77777778 21.27777778 20.16666667
 19.33333333 17.11111111 16.5        16.11111111 15.66666667 15.22222222
 14.77777778 13.77777778 14.72222222 16.05555556 17.38888889 18.5
 20.16666667 23.33333333 24.61111111 25.77777778 26.55555556 26.83333333
 26.61111111 26.16666667 25.5        24.61111111 23.27777778 21.83333333
 20.77777778 19.77777778 19.05555556 18.33333333 17.61111111 16.88888889
 16.66666667 16.22222222 16.88888889 17.55555556 18.11111111 18.22222222
 18.27777778 17.83333333 18.27777778 17.77777778 17.16666667 16.72222222
 16.66666667 16.83333333 16.55555556 16.11111111 15.44444444 14.88888889
 14.38888889 13.38888889 12.83333333 12.33333333 11.72222222 11.
 10.38888889 10.         10.77777778 11.77777778 12.94444444 14.27777778
 15.61111111 17.11111111 18.16666667 18.83333333 18.94444444 18.61111111
 17.94444444 16.44444444 15.66666667 14.94444444 14.11111111 13.05555556
 12.05555556 11.16666667 10.77777778 10.5        10.27777778 10.
  9.83333333  9.72222222 10.05555556 11.05555556 12.22222222 12.77777778
 13.38888889 13.38888889 13.22222222 12.83333333 12.88888889 12.55555556
 12.11111111 11.         10.33333333  9.55555556  8.77777778  8.05555556
  7.61111111  6.72222222  6.5         6.22222222  5.77777778  5.16666667
  4.72222222  4.77777778  5.22222222  5.88888889  6.5         7.22222222
  7.72222222  8.05555556  8.77777778  9.11111111  9.11111111  8.77777778
  8.44444444  8.27777778  7.77777778  7.22222222  6.27777778  5.5
  5.05555556  4.88888889  4.88888889  4.88888889  4.94444444  4.94444444
  4.94444444  4.88888889  4.88888889  5.16666667  5.38888889  5.77777778
  6.          5.94444444  6.61111111  6.72222222  7.38888889  7.5
  7.72222222  7.94444444  7.66666667  7.22222222  6.5         5.77777778
  5.22222222  4.22222222  3.88888889  3.5         2.94444444  2.5
  2.16666667  2.55555556  3.61111111  5.16666667  6.77777778  8.27777778
  9.55555556 10.77777778 11.55555556 12.05555556 12.22222222 12.38888889
 12.5        13.44444444 12.77777778 11.94444444 10.77777778  9.72222222
  9.05555556  8.16666667  7.72222222  7.27777778  6.88888889  6.55555556
  6.38888889  7.55555556  8.27777778  9.27777778 10.33333333 11.88888889
 13.61111111 14.83333333 16.27777778 16.38888889 16.77777778 17.22222222
 17.22222222 17.27777778 16.94444444 16.33333333 15.55555556 14.77777778]"
rain_mm,"[0.     0.     0.     0.     0.     0.     0.     0.     0.     0.3048
 1.6002 0.1016 1.1938 2.9972 1.8034 0.2032 0.     0.     0.     0.
 0.     0.     0.     0.     0.     0.     0.     0.     0.     0.
 0.     0.     0.     0.     0.     0.     0.     0.     1.0922 0.1016
 0.     0.     0.     0.     0.     0.     0.     0.     0.2032 0.508
 0.     0.     0.     0.     0.     0.     0.     0.     0.     0.
 0.4064 0.4064 2.2098 3.302  0.9906 0.2032 0.4064 0.4064 0.4064 0.6096
 0.6096 0.7112 0.7874 0.1016 0.     0.     0.     0.     0.     0.
 0.     0.     0.     0.     0.     0.     0.     0.     0.     0.
 0.     0.     0.     0.     0.     0.     0.     0.     0.     0.
 0.     0.     0.     0.     0.     0.     0.     0.     0.     0.
 0.     0.     0.     0.     0.     0.     0.     0.     0.     0.
 0.     0.     0.     0.     0.     0.     0.     0.     0.     0.
 0.     0.     0.     0.     0.     0.     0.     0.     0.     0.
 0.     0.     0.     0.     0.     0.     0.     0.     0.     0.
 0.     0.     0.     0.     0.     0.     0.     0.     0.     0.
 0.     0.     0.     0.     0.     0.     0.     0.     0.     0.
 0.     0.     0.     0.     0.     0.     0.     0.     0.     0.
 0.     0.     0.     0.     0.     0.     0.     0.     0.     0.
 0.     0.     0.     0.     0.     0.     0.     0.     0.     0.
 0.     0.     0.     0.     0.     0.     0.     0.1016 0.1016 0.
 0.     0.     0.     0.     0.     0.     0.     0.     0.     0.
 0.     0.     0.     0.     0.     0.     0.     0.     0.     0.
 0.     0.     0.     0.     0.     0.     0.     0.1016 0.     0.
 0.     0.     0.     0.     0.     0.     0.     0.     0.     0.
 0.     0.     0.     0.     0.     0.     0.     0.     0.     0.
 0.     0.     0.     0.     0.     0.     0.     0.     0.     0.
 0.     0.     0.     0.     0.     0.     0.     0.     0.     0.
 0.     0.     0.     0.     0.     0.     0.     0.     0.     0.
 0.     0.     0.     0.     0.2032 0.3048 0.7112 0.6096 0.6096 0.9906
 0.7112 0.2032 0.     0.     0.     0.     0.     0.     0.     0.
 0.     0.     0.     0.     0.     0.     0.     0.     0.     0.
 0.     0.     0.     0.     0.     0.     0.     0.     0.     0.
 0.     0.     0.     0.     0.     0.     0.     0.     0.     0.
 0.     0.     0.     0.     0.     0.     0.     0.     0.     0.
 0.     0.     0.     0.     0.     0.     0.     0.     0.     0.    ]"
showers_mm,"[0.     0.     0.     0.     0.     0.     0.     0.     0.     0.
 0.2032 0.2032 0.2032 0.2032 0.4064 0.     0.     0.     0.     0.
 0.     0.     0.     0.     0.     0.     0.     0.     0.     0.
 0.     0.     0.     0.     0.     0.     0.     0.     0.     0.508
 0.508  0.7112 0.2032 0.1016 0.     0.     0.     0.     0.     0.
 0.     0.     0.     0.     0.     0.     0.     0.     0.     0.
 0.508  0.     0.     0.     0.     0.     0.     0.     0.1016 0.1016
 0.     0.     0.     0.     0.     0.     0.     0.     0.     0.
 0.     0.     0.     0.     0.     0.     0.     0.     0.     0.
 0.     0.     0.     0.     0.     0.     0.     0.     0.     0.
 0.     0.     0.     0.     0.     0.     0.     0.     0.     0.
 0.     0.     0.     0.     0.     0.     0.     0.     0.     0.
 0.     0.     0.     0.     0.     0.     0.     0.     0.     0.
 0.     0.     0.     0.     0.     0.     0.     0.     0.     0.
 0.     0.     0.     0.     0.     0.     0.     0.     0.     0.
 0.     0.     0.     0.     0.     0.     0.     0.     0.     0.
 0.     0.     0.     0.     0.     0.     0.     0.     0.     0.
 0.     0.     0.     0.     0.     0.     0.     0.     0.     0.
 0.     0.     0.     0.     0.     0.     0.     0.     0.     0.
 0.     0.     0.1016 0.     0.1016 0.     0.     0.     0.     0.
 0.     0.     0.     0.1016 0.     0.     0.     0.2032 0.3048 0.1016
 0.     0.     0.     0.     0.     0.     0.     0.     0.     0.
 0.     0.     0.     0.     0.     0.     0.     0.     0.     0.
 0.     0.     0.     0.     0.     0.     0.     0.     0.     0.
 0.     0.     0.     0.     0.     0.     0.     0.     0.     0.
 0.     0.     0.     0.     0.     0.     0.     0.     0.     0.1016
 0.1016 0.1016 0.     0.     0.     0.     0.     0.     0.     0.
 0.     0.     0.     0.     0.     0.     0.     0.1016 0.     0.
 0.     0.     0.     0.     0.     0.     0.     0.     0.     0.
 0.     0.     0.     0.     0.     0.     0.     0.     0.     0.
 0.     0.     0.     0.     0.     0.     0.     0.     0.     0.
 0.     0.     0.     0.     0.     0.     0.     0.     0.     0.
 0.     0.     0.     0.     0.     0.     0.     0.     0.     0.
 0.     0.     0.     0.     0.     0.     0.     0.     0.     0.
 0.     0.     0.     0.     0.     0.     0.     0.     0.     0.
 0.     0.     0.1016 0.1016 0.1016 0.     0.     0.     0.     0.    ]"
snowfall_mm,"[0. 0. 0. 0. 0. 0. 0. 0. 0. 0. 0. 0. 0. 0. 0. 0. 0. 0. 0. 0. 0. 0. 0. 0.
 0. 0. 0. 0. 0. 0. 0. 0. 0. 0. 0. 0. 0. 0. 0. 0. 0. 0. 0. 0. 0. 0. 0. 0.
 0. 0. 0. 0. 0. 0. 0. 0. 0. 0. 0. 0. 0. 0. 0. 0. 0. 0. 0. 0. 0. 0. 0. 0.
 0. 0. 0. 0. 0. 0. 0. 0. 0. 0. 0. 0. 0. 0. 0. 0. 0. 0. 0. 0. 0. 0. 0. 0.
 0. 0. 0. 0. 0. 0. 0. 0. 0. 0. 0. 0. 0. 0. 0. 0. 0. 0. 0. 0. 0. 0. 0. 0.
 0. 0. 0. 0. 0. 0. 0. 0. 0. 0. 0. 0. 0. 0. 0. 0. 0. 0. 0. 0. 0. 0. 0. 0.
 0. 0. 0. 0. 0. 0. 0. 0. 0. 0. 0. 0. 0. 0. 0. 0. 0. 0. 0. 0. 0. 0. 0. 0.
 0. 0. 0. 0. 0. 0. 0. 0. 0. 0. 0. 0. 0. 0. 0. 0. 0. 0. 0. 0. 0. 0. 0. 0.
 0. 0. 0. 0. 0. 0. 0. 0. 0. 0. 0. 0. 0. 0. 0. 0. 0. 0. 0. 0. 0. 0. 0. 0.
 0. 0. 0. 0. 0. 0. 0. 0. 0. 0. 0. 0. 0. 0. 0. 0. 0. 0. 0. 0. 0. 0. 0. 0.
 0. 0. 0. 0. 0. 0. 0. 0. 0. 0. 0. 0. 0. 0. 0. 0. 0. 0. 0. 0. 0. 0. 0. 0.
 0. 0. 0. 0. 0. 0. 0. 0. 0. 0. 0. 0. 0. 0. 0. 0. 0. 0. 0. 0. 0. 0. 0. 0.
 0. 0. 0. 0. 0. 0. 0. 0. 0. 0. 0. 0. 0. 0. 0. 0. 0. 0. 0. 0. 0. 0. 0. 0.
 0. 0. 0. 0. 0. 0. 0. 0. 0. 0. 0. 0. 0. 0. 0. 0. 0. 0. 0. 0. 0. 0. 0. 0.
 0. 0. 0. 0. 0. 0. 0. 0. 0. 0. 0. 0. 0. 0. 0. 0. 0. 0. 0. 0. 0. 0. 0. 0.]"
sunrise_iso,"['2025-05-16 05:18:13' '2025-05-17 05:16:31' '2025-05-18 05:14:51'
 '2025-05-19 05:13:13' '2025-05-20 05:11:38' '2025-05-21 05:10:05'
 '2025-05-22 05:08:35' '2025-05-23 05:07:08' '2025-05-24 05:05:44'
 '2025-05-25 05:04:23' '2025-05-26 05:03:05' '2025-05-27 05:01:50'
 '2025-05-28 05:00:39' '2025-05-29 04:59:30' '2025-05-30 04:58:25']"
sunset_iso,"['2025-05-16 21:30:35' '2025-05-17 21:32:21' '2025-05-18 21:34:06'
 '2025-05-19 21:35:49' '2025-05-20 21:37:31' '2025-05-21 21:39:11'
 '2025-05-22 21:40:49' '2025-05-23 21:42:26' '2025-05-24 21:44:00'
 '2025-05-25 21:45:32' '2025-05-26 21:47:01' '2025-05-27 21:48:27'
 '2025-05-28 21:49:52' '2025-05-29 21:51:16' '2025-05-30 21:52:38']"
daylight_duration_hours,[16 16 16 16 16 16 16 16 16 16 16 16 16 16 16]
